-- ========== PROVINCE ==========
INSERT into Province (PROV_ID, PROV_NAME) values ('PR01', N'Thành phố Hồ Chí Minh')
INSERT into Province (PROV_ID, PROV_NAME) values ('PR02', N'Hà Nội')
INSERT into Province (PROV_ID, PROV_NAME) values ('PR03', N'Đà Nẵng')
INSERT into Province (PROV_ID, PROV_NAME) values ('PR04', N'Cần Thơ')
INSERT into Province (PROV_ID, PROV_NAME) values ('PR05', N'Lâm Đồng')
-- select * from province

-- ========== DISTRICT ==========
insert into DISTRICT (DIST_ID, PROV_ID, DIST_NAME) values ('DT0001', 'PR01', N'Quận 1')
insert into DISTRICT (DIST_ID, PROV_ID, DIST_NAME) values ('DT0002', 'PR01', N'Quận 2')
insert into DISTRICT (DIST_ID, PROV_ID, DIST_NAME) values ('DT0003', 'PR01', N'Quận 3')
insert into DISTRICT (DIST_ID, PROV_ID, DIST_NAME) values ('DT0004', 'PR01', N'Quận 4')
insert into DISTRICT (DIST_ID, PROV_ID, DIST_NAME) values ('DT0005', 'PR01', N'Quận 5')
-- select * from DISTRICT

-- ========== WARD ==========
insert into WARD (WARD_ID, DIST_ID, WARD_NAME) values
    ('WD000001', 'DT0005', N'Phường 1'),
    ('WD000002', 'DT0005', N'Phường 2'),
    ('WD000003', 'DT0005', N'Phường 3'),
    ('WD000004', 'DT0005', N'Phường 4'),
    ('WD000005', 'DT0005', N'Phường 5')
-- select*from WARD

-- ========== CATEGORY ==========
insert into PAYMENT (PAYMENT_ID, PAYMENT_PROVIDER) VALUES ('PY01', 'Paypal')
insert into PAYMENT (PAYMENT_ID, PAYMENT_PROVIDER) VALUES ('PY02', 'MoMo')
insert into PAYMENT (PAYMENT_ID, PAYMENT_PROVIDER) VALUES ('PY03', 'ShopeePay')
insert into PAYMENT (PAYMENT_ID, PAYMENT_PROVIDER) VALUES ('PY04', 'ZaloPay')
-- select*from PAYMENT

-- ========== CATEGORY ==========
insert into CATEGORY (CATE_ID, CATE_NAME) values ('CA01', N'Manga - Comic')
insert into CATEGORY (CATE_ID, CATE_NAME) values ('CA02', N'Comic - Truyện Tranh')
insert into CATEGORY (CATE_ID, CATE_NAME) values ('CA03', N'Manga')
update CATEGORY set PARENT_ID = 'CA01' where CATE_ID IN ('CA02', 'CA03')

insert into CATEGORY (CATE_ID, CATE_NAME) values ('CA04', N'Tâm Lý - Kỹ Năng Sống')
insert into CATEGORY (CATE_ID, CATE_NAME) values ('CA05', N'Kỹ Năng Sống')
insert into CATEGORY (CATE_ID, CATE_NAME) values ('CA06', N'Sách Cho Tuổi Mới Lớn')
insert into CATEGORY (CATE_ID, CATE_NAME) values ('CA07', N'Tâm Lý')
update CATEGORY set PARENT_ID = 'CA04' where CATE_ID IN ('CA05', 'CA06', 'CA07') 

insert into CATEGORY (CATE_ID, CATE_NAME) values ('CA08', N'Thiếu nhi')
insert into CATEGORY (CATE_ID, CATE_NAME) values ('CA09', N'Kiến Thức - Kỹ Năng Sống Cho Trẻ')
insert into CATEGORY (CATE_ID, CATE_NAME) values ('CA10', N'Kiến Thức Bách Khoa')
insert into CATEGORY (CATE_ID, CATE_NAME) values ('CA11', N'Truyện Thiếu Nhi')
update CATEGORY set PARENT_ID = 'CA08' where CATE_ID IN ('CA09', 'CA10', 'CA11') 

insert into CATEGORY (CATE_ID, CATE_NAME) values ('CA12', N'Văn Học')
insert into CATEGORY (CATE_ID, CATE_NAME) values ('CA13', N'Light Novel')
insert into CATEGORY (CATE_ID, CATE_NAME) values ('CA14', N'Tiểu Thuyết')
insert into CATEGORY (CATE_ID, CATE_NAME) values ('CA15', N'Truyện Ngắn - Tản Văn')
update CATEGORY set PARENT_ID = 'CA12' where CATE_ID IN ('CA13', 'CA14', 'CA15')

insert into CATEGORY (CATE_ID, CATE_NAME) values ('CA16', N'Sách Tiếng Việt')
update CATEGORY set PARENT_ID = 'CA16' where CATE_ID IN ('CA01', 'CA04', 'CA08', 'CA12')

-- ========== AUTHOR ==========
INSERT into AUTHOR values ('AU01', N'René Goscinny')
INSERT into AUTHOR values ('AU02', N'Albert Uderzo')
INSERT into AUTHOR values ('AU03', N'Quang Nino')
INSERT into AUTHOR values ('AU04', N'Mèo Mốc')
INSERT into AUTHOR values ('AU06', N'Gosho Aoyama')
INSERT into AUTHOR values ('AU07', N'Akira Toriyama')
INSERT into AUTHOR values ('AU08', N'Toyotarou')
INSERT into AUTHOR values ('AU09', N'Haro Aso')
INSERT into AUTHOR values ('AU10', N'Elisabeth Kübler Ross')
INSERT into AUTHOR values ('AU11', N'David Kessler')
INSERT into AUTHOR values ('AU12', N'Sophie Gonzales')
INSERT into AUTHOR values ('AU13', N'Liesl Clark')
INSERT into AUTHOR values ('AU14', N'Rebecca Rockfeller')
INSERT into AUTHOR values ('AU15', N'Lê Quang')
INSERT into AUTHOR values ('AU16', N'Julie')
INSERT into AUTHOR values ('AU17', N'Andrew Matthews')
INSERT into AUTHOR values ('AU18', N'Kim Eana')
INSERT into AUTHOR values ('AU19', N'Jane Ogden')
INSERT into AUTHOR values ('AU20', N'Margaret Robinson Rutherford')
INSERT into AUTHOR values ('AU21', N'Philippe Simon')
INSERT into AUTHOR values ('AU22', N'Nicolas Gouny')
INSERT into AUTHOR values ('AU23', N'Hồng Anh')
INSERT into AUTHOR values ('AU24', N'Aki')
INSERT into AUTHOR values ('AU25', N'Gia Linh')
INSERT into AUTHOR values ('AU26', N'An Nhiên')
INSERT into AUTHOR values ('AU27', N'Alex Frith')
INSERT into AUTHOR values ('AU28', N'Minna Lacey')
INSERT into AUTHOR values ('AU29', N'Jerome Martin')
INSERT into AUTHOR values ('AU30', N'Jonathan Melmoth')
INSERT into AUTHOR values ('AU31', N'Clint Emerson')
INSERT into AUTHOR values ('AU32', N'Ian Graham')
INSERT into AUTHOR values ('AU33', N'Trần Diệu Linh')
INSERT into AUTHOR values ('AU34', N'Trúc Nhi Hoàng')
INSERT into AUTHOR values ('AU35', N'Noel Streatfeild')
INSERT into AUTHOR values ('AU36', 'Osaka YWCA Children''s Library')
INSERT into AUTHOR values ('AU37', N'Ichio Otsuka')
INSERT into AUTHOR values ('AU38', N'Yuki Hayasako')
INSERT into AUTHOR values ('AU39', N'Miaki Sugaru')
INSERT into AUTHOR values ('AU40', N'Shion')
INSERT into AUTHOR values ('AU41', N'Yozora Fuyuno')
INSERT into AUTHOR values ('AU42', N'José Mauro de Vasconcelos')
INSERT into AUTHOR values ('AU43', N'Paulo Coelho')
INSERT into AUTHOR values ('AU44', N'James Norbury')
INSERT into AUTHOR values ('AU45', N'Hạ Mer')
INSERT into AUTHOR values ('AU46', N'Kim Ho Yeon')
INSERT into AUTHOR values ('AU47', N'Châu Sa Đáy Mắt')

-- ========== PUBLISHER ==========
INSERT into PUBLISHER values ('PB01', N'Kim Đồng')
INSERT into PUBLISHER values ('PB02', N'Dân Trí')
INSERT into PUBLISHER values ('PB03', N'Trẻ')
INSERT into PUBLISHER values ('PB04', N'Hồng Đức')
INSERT into PUBLISHER values ('PB05', N'Phụ Nữ')
INSERT into PUBLISHER values ('PB06', N'Thanh Niên')
INSERT into PUBLISHER values ('PB07', N'Thế Giới')
INSERT into PUBLISHER values ('PB08', N'Lao Động')
INSERT into PUBLISHER values ('PB09', N'Phụ Nữ Việt Nam')
INSERT into PUBLISHER values ('PB10', N'Văn Học')
INSERT into PUBLISHER values ('PB11', N'Hội Nhà Văn')

-- ========== BOOK ==========
INSERT into BOOK (BOOK_ID, CATE_ID, BOOK_NAME, BOOK_PRICE, BOOK_PATH, BOOK_FILENAME, AVG_RATING, COUNT_RATING, STOCK, DISCOUNTED_NUMBER, BOOK_DISCOUNTED_PRICE, SOFT_DELETE) values ('BK00001', 'CA02', N'Mèo Mốc Black Book - Tập 4', 45000, 'https://res.cloudinary.com/dsbuw9oyz/image/upload/v1690968058/hachiko/product/BK00001-1.jpg', 'hachiko/product/BK00001-1.jpg', 0, 0, 50, 15, 38250, 0)
INSERT into BOOK_DETAIL (BOOK_ID, PUB_ID, BOOK_FORMAT, PUBLISHED_YEAR, NUMBER_PAGE, BOOK_WEIGHT) values ('BK00001', 'PB02', N'Bìa Mềm', 2023, 104, 120)
INSERT into WRITTEN_BY (BOOK_ID, AUTHOR_ID) values ('BK00001', 'AU04')
INSERT into BOOK_IMAGES (BOOK_ID, IMAGE_ID, BOOK_PATH, BOOK_FILENAME) values ('BK00001', 2, 'https://res.cloudinary.com/dsbuw9oyz/image/upload/v1690970158/hachiko/product/BK00001-2.png', 'hachiko/product/BK00001-2.png')

INSERT into BOOK (BOOK_ID, CATE_ID, BOOK_NAME, BOOK_PRICE, BOOK_PATH, BOOK_FILENAME, AVG_RATING, COUNT_RATING, STOCK, DISCOUNTED_NUMBER, BOOK_DISCOUNTED_PRICE, SOFT_DELETE) values ('BK00002', 'CA02', N'Gia Đình Gãi Ngứa: Tuyển Tập Ký Ức Tuổi Thơ - Vẩn Vơ Hiện Tại', 110000, 'https://res.cloudinary.com/dsbuw9oyz/image/upload/v1690968058/hachiko/product/BK00002-1.jpg', 'hachiko/product/BK00002-1.jpg', 0, 0, 50, 10, 99000, 0)
INSERT into BOOK_DETAIL (BOOK_ID, PUB_ID, BOOK_FORMAT, PUBLISHED_YEAR, NUMBER_PAGE, BOOK_WEIGHT) values ('BK00002', 'PB02', N'Bìa Mềm', 2023, 168, 220)
INSERT into WRITTEN_BY (BOOK_ID, AUTHOR_ID) values ('BK00002', 'AU03')
INSERT into BOOK_IMAGES (BOOK_ID, IMAGE_ID, BOOK_PATH, BOOK_FILENAME) values ('BK00002', 2, 'https://res.cloudinary.com/dsbuw9oyz/image/upload/v1690970158/hachiko/product/BK00002-2.png', 'hachiko/product/BK00002-2.png')

INSERT into BOOK (BOOK_ID, CATE_ID, BOOK_NAME, BOOK_PRICE, BOOK_PATH, BOOK_FILENAME, AVG_RATING, COUNT_RATING, STOCK, DISCOUNTED_NUMBER, BOOK_DISCOUNTED_PRICE, SOFT_DELETE) values ('BK00003', 'CA02', N'Asterix - Astérix Và Nữ Hoàng Cléopâtre (Tái Bản 2023)', 80000, 'https://res.cloudinary.com/dsbuw9oyz/image/upload/v1690968058/hachiko/product/BK00003-1.jpg', 'hachiko/product/BK00003-1.jpg', 0, 0, 50, 12, 70400, 0)
INSERT into BOOK_DETAIL (BOOK_ID, PUB_ID, BOOK_FORMAT, PUBLISHED_YEAR, NUMBER_PAGE, BOOK_WEIGHT) values ('BK00003', 'PB01', N'Bìa Mềm', 2023, 56, 100)
INSERT into WRITTEN_BY (BOOK_ID, AUTHOR_ID) values ('BK00003', 'AU01')
INSERT into WRITTEN_BY (BOOK_ID, AUTHOR_ID) values ('BK00003', 'AU02')
INSERT into BOOK_IMAGES (BOOK_ID, IMAGE_ID, BOOK_PATH, BOOK_FILENAME) values ('BK00003', 2, 'https://res.cloudinary.com/dsbuw9oyz/image/upload/v1690970158/hachiko/product/BK00003-2.png', 'hachiko/product/BK00003-2.png')

INSERT into BOOK (BOOK_ID, CATE_ID, BOOK_NAME, BOOK_PRICE, BOOK_PATH, BOOK_FILENAME, AVG_RATING, COUNT_RATING, STOCK, DISCOUNTED_NUMBER, BOOK_DISCOUNTED_PRICE, SOFT_DELETE) values ('BK00004', 'CA03', N'Thám Tử Lừng Danh Conan - Tập 100 (Tái Bản 2023)', 25000, 'https://res.cloudinary.com/dsbuw9oyz/image/upload/v1690968058/hachiko/product/BK00004-1.jpg', 'hachiko/product/BK00004-1.jpg', 0, 0, 50, 5, 23750, 0)
INSERT into BOOK_DETAIL (BOOK_ID, PUB_ID, BOOK_FORMAT, PUBLISHED_YEAR, NUMBER_PAGE, BOOK_WEIGHT) values ('BK00004', 'PB01', N'Bìa Mềm', 2023, 184, 200)
INSERT into WRITTEN_BY (BOOK_ID, AUTHOR_ID) values ('BK00004', 'AU06')
INSERT into BOOK_IMAGES (BOOK_ID, IMAGE_ID, BOOK_PATH, BOOK_FILENAME) values ('BK00004', 2, 'https://res.cloudinary.com/dsbuw9oyz/image/upload/v1690970158/hachiko/product/BK00004-2.png', 'hachiko/product/BK00004-2.png')
INSERT into BOOK_IMAGES (BOOK_ID, IMAGE_ID, BOOK_PATH, BOOK_FILENAME) values ('BK00004', 3, 'https://res.cloudinary.com/dsbuw9oyz/image/upload/v1690970158/hachiko/product/BK00004-3.png', 'hachiko/product/BK00004-3.png')

INSERT into BOOK (BOOK_ID, CATE_ID, BOOK_NAME, BOOK_PRICE, BOOK_PATH, BOOK_FILENAME, AVG_RATING, COUNT_RATING, STOCK, DISCOUNTED_NUMBER, BOOK_DISCOUNTED_PRICE, SOFT_DELETE) values ('BK00005', 'CA03', N'Dragon Ball Super - Tập 16: Chiến Binh Mạnh Nhất Vũ Trụ', 25000, 'https://res.cloudinary.com/dsbuw9oyz/image/upload/v1690968058/hachiko/product/BK00005-1.jpg', 'hachiko/product/BK00005-1.jpg', 0, 0, 50, 5, 23750, 0)
INSERT into BOOK_DETAIL (BOOK_ID, PUB_ID, BOOK_FORMAT, PUBLISHED_YEAR, NUMBER_PAGE, BOOK_WEIGHT) values ('BK00005', 'PB01', N'Bìa Mềm', 2023, 192, 130)
INSERT into WRITTEN_BY (BOOK_ID, AUTHOR_ID) values ('BK00005', 'AU07')
INSERT into WRITTEN_BY (BOOK_ID, AUTHOR_ID) values ('BK00005', 'AU08')
INSERT into BOOK_IMAGES (BOOK_ID, IMAGE_ID, BOOK_PATH, BOOK_FILENAME) values ('BK00005', 2, 'https://res.cloudinary.com/dsbuw9oyz/image/upload/v1690970158/hachiko/product/BK00005-2.png', 'hachiko/product/BK00005-2.png')

INSERT into BOOK (BOOK_ID, CATE_ID, BOOK_NAME, BOOK_PRICE, BOOK_PATH, BOOK_FILENAME, AVG_RATING, COUNT_RATING, STOCK, DISCOUNTED_NUMBER, BOOK_DISCOUNTED_PRICE, SOFT_DELETE) values ('BK00006', 'CA03', N'Alice In Borderland - Tập 12', 35000, 'https://res.cloudinary.com/dsbuw9oyz/image/upload/v1690968058/hachiko/product/BK00006-1.jpg', 'hachiko/product/BK00006-1.jpg', 0, 0, 50, 12, 30800, 0)
INSERT into BOOK_DETAIL (BOOK_ID, PUB_ID, BOOK_FORMAT, PUBLISHED_YEAR, NUMBER_PAGE, BOOK_WEIGHT) values ('BK00006', 'PB03', N'Bìa Mềm', 2023, 168, 167)
INSERT into WRITTEN_BY (BOOK_ID, AUTHOR_ID) values ('BK00006', 'AU09')
INSERT into BOOK_IMAGES (BOOK_ID, IMAGE_ID, BOOK_PATH, BOOK_FILENAME) values ('BK00006', 2, 'https://res.cloudinary.com/dsbuw9oyz/image/upload/v1690970158/hachiko/product/BK00006-2.png', 'hachiko/product/BK00006-2.png')

INSERT into BOOK (BOOK_ID, CATE_ID, BOOK_NAME, BOOK_PRICE, BOOK_PATH, BOOK_FILENAME, AVG_RATING, COUNT_RATING, STOCK, DISCOUNTED_NUMBER, BOOK_DISCOUNTED_PRICE, SOFT_DELETE) values ('BK00007', 'CA05', N'Bài Học Cuộc Sống', 120000, 'https://res.cloudinary.com/dsbuw9oyz/image/upload/v1690968058/hachiko/product/BK00007-1.jpg', 'hachiko/product/BK00007-1.jpg', 0, 0, 50, 60, 48000, 0)
INSERT into BOOK_DETAIL (BOOK_ID, PUB_ID, BOOK_FORMAT, PUBLISHED_YEAR, NUMBER_PAGE, BOOK_WEIGHT) values ('BK00007', 'PB02', N'Bìa Mềm', 2021, 280, 300)
INSERT into WRITTEN_BY (BOOK_ID, AUTHOR_ID) values ('BK00007', 'AU10')
INSERT into WRITTEN_BY (BOOK_ID, AUTHOR_ID) values ('BK00007', 'AU11')
INSERT into BOOK_IMAGES (BOOK_ID, IMAGE_ID, BOOK_PATH, BOOK_FILENAME) values ('BK00007', 2, 'https://res.cloudinary.com/dsbuw9oyz/image/upload/v1690970158/hachiko/product/BK00007-2.png', 'hachiko/product/BK00007-2.png')
INSERT into BOOK_IMAGES (BOOK_ID, IMAGE_ID, BOOK_PATH, BOOK_FILENAME) values ('BK00007', 3, 'https://res.cloudinary.com/dsbuw9oyz/image/upload/v1690970158/hachiko/product/BK00007-3.png', 'hachiko/product/BK00007-3.png')

INSERT into BOOK (BOOK_ID, CATE_ID, BOOK_NAME, BOOK_PRICE, BOOK_PATH, BOOK_FILENAME, AVG_RATING, COUNT_RATING, STOCK, DISCOUNTED_NUMBER, BOOK_DISCOUNTED_PRICE, SOFT_DELETE) values ('BK00008', 'CA05', N'Bí Mật Tủ Khóa Số 89', 142000, 'https://res.cloudinary.com/dsbuw9oyz/image/upload/v1690968058/hachiko/product/BK00008-1.jpg', 'hachiko/product/BK00008-1.jpg', 0, 0, 50, 60, 56800, 0)
INSERT into BOOK_DETAIL (BOOK_ID, PUB_ID, BOOK_FORMAT, PUBLISHED_YEAR, NUMBER_PAGE, BOOK_WEIGHT) values ('BK00008', 'PB02', N'Bìa Mềm', 2022, 448, 500)
INSERT into WRITTEN_BY (BOOK_ID, AUTHOR_ID) values ('BK00008', 'AU12')
INSERT into BOOK_IMAGES (BOOK_ID, IMAGE_ID, BOOK_PATH, BOOK_FILENAME) values ('BK00008', 2, 'https://res.cloudinary.com/dsbuw9oyz/image/upload/v1690970158/hachiko/product/BK00008-2.png', 'hachiko/product/BK00008-2.png')
INSERT into BOOK_IMAGES (BOOK_ID, IMAGE_ID, BOOK_PATH, BOOK_FILENAME) values ('BK00008', 3, 'https://res.cloudinary.com/dsbuw9oyz/image/upload/v1690970158/hachiko/product/BK00008-3.png', 'hachiko/product/BK00008-3.png')

INSERT into BOOK (BOOK_ID, CATE_ID, BOOK_NAME, BOOK_PRICE, BOOK_PATH, BOOK_FILENAME, AVG_RATING, COUNT_RATING, STOCK, DISCOUNTED_NUMBER, BOOK_DISCOUNTED_PRICE, SOFT_DELETE) values ('BK00009', 'CA05', N'Ngừng Phung Phí! Chi Tiêu Hợp Lý', 129000, 'https://res.cloudinary.com/dsbuw9oyz/image/upload/v1690968058/hachiko/product/BK00009-1.jpg', 'hachiko/product/BK00009-1.jpg', 0, 0, 50, 60, 51600, 0)
INSERT into BOOK_DETAIL (BOOK_ID, PUB_ID, BOOK_FORMAT, PUBLISHED_YEAR, NUMBER_PAGE, BOOK_WEIGHT) values ('BK00009', 'PB07', N'Bìa Mềm', 2021, 288, 300)
INSERT into WRITTEN_BY (BOOK_ID, AUTHOR_ID) values ('BK00009', 'AU13')
INSERT into WRITTEN_BY (BOOK_ID, AUTHOR_ID) values ('BK00009', 'AU14')
INSERT into BOOK_IMAGES (BOOK_ID, IMAGE_ID, BOOK_PATH, BOOK_FILENAME) values ('BK00009', 2, 'https://res.cloudinary.com/dsbuw9oyz/image/upload/v1690970158/hachiko/product/BK00009-2.png', 'hachiko/product/BK00009-2.png')
INSERT into BOOK_IMAGES (BOOK_ID, IMAGE_ID, BOOK_PATH, BOOK_FILENAME) values ('BK00009', 3, 'https://res.cloudinary.com/dsbuw9oyz/image/upload/v1690970158/hachiko/product/BK00009-3.png', 'hachiko/product/BK00009-3.png')

INSERT into BOOK (BOOK_ID, CATE_ID, BOOK_NAME, BOOK_PRICE, BOOK_PATH, BOOK_FILENAME, AVG_RATING, COUNT_RATING, STOCK, DISCOUNTED_NUMBER, BOOK_DISCOUNTED_PRICE, SOFT_DELETE) values ('BK00010', 'CA06', N'Cách Để Truyền Cảm Hứng', 56000, 'https://res.cloudinary.com/dsbuw9oyz/image/upload/v1690968058/hachiko/product/BK00010-1.jpg', 'hachiko/product/BK00010-1.jpg', 0, 0, 50, 15, 47600, 0)
INSERT into BOOK_DETAIL (BOOK_ID, PUB_ID, BOOK_FORMAT, PUBLISHED_YEAR, NUMBER_PAGE, BOOK_WEIGHT) values ('BK00010', 'PB04', N'Bìa Mềm', 2020, 126, 110)
INSERT into WRITTEN_BY (BOOK_ID, AUTHOR_ID) values ('BK00010', 'AU15')
INSERT into BOOK_IMAGES (BOOK_ID, IMAGE_ID, BOOK_PATH, BOOK_FILENAME) values ('BK00010', 2, 'https://res.cloudinary.com/dsbuw9oyz/image/upload/v1690970158/hachiko/product/BK00010-2.png', 'hachiko/product/BK00010-2.png')
INSERT into BOOK_IMAGES (BOOK_ID, IMAGE_ID, BOOK_PATH, BOOK_FILENAME) values ('BK00010', 3, 'https://res.cloudinary.com/dsbuw9oyz/image/upload/v1690970158/hachiko/product/BK00010-3.png', 'hachiko/product/BK00010-3.png')

INSERT into BOOK (BOOK_ID, CATE_ID, BOOK_NAME, BOOK_PRICE, BOOK_PATH, BOOK_FILENAME, AVG_RATING, COUNT_RATING, STOCK, DISCOUNTED_NUMBER, BOOK_DISCOUNTED_PRICE, SOFT_DELETE) values ('BK00011', 'CA06', N'Cách Để Vượt Lên Chính Mình', 52000, 'https://res.cloudinary.com/dsbuw9oyz/image/upload/v1690968058/hachiko/product/BK00011-1.jpg', 'hachiko/product/BK00011-1.jpg', 0, 0, 50, 15, 44200, 0)
INSERT into BOOK_DETAIL (BOOK_ID, PUB_ID, BOOK_FORMAT, PUBLISHED_YEAR, NUMBER_PAGE, BOOK_WEIGHT) values ('BK00011', 'PB04', N'Bìa Mềm', 2020, 95, 100)
INSERT into WRITTEN_BY (BOOK_ID, AUTHOR_ID) values ('BK00011', 'AU15')
INSERT into BOOK_IMAGES (BOOK_ID, IMAGE_ID, BOOK_PATH, BOOK_FILENAME) values ('BK00011', 2, 'https://res.cloudinary.com/dsbuw9oyz/image/upload/v1690970158/hachiko/product/BK00011-2.png', 'hachiko/product/BK00011-2.png')
INSERT into BOOK_IMAGES (BOOK_ID, IMAGE_ID, BOOK_PATH, BOOK_FILENAME) values ('BK00011', 3, 'https://res.cloudinary.com/dsbuw9oyz/image/upload/v1690970158/hachiko/product/BK00011-3.png', 'hachiko/product/BK00011-3.png')

INSERT into BOOK (BOOK_ID, CATE_ID, BOOK_NAME, BOOK_PRICE, BOOK_PATH, BOOK_FILENAME, AVG_RATING, COUNT_RATING, STOCK, DISCOUNTED_NUMBER, BOOK_DISCOUNTED_PRICE, SOFT_DELETE) values ('BK00012', 'CA06', N'Ngưng Bắt Nạt!', 82000, 'https://res.cloudinary.com/dsbuw9oyz/image/upload/v1690968058/hachiko/product/BK00012-1.jpg', 'hachiko/product/BK00012-1.jpg', 0, 0, 50, 43, 46740, 0)
INSERT into BOOK_DETAIL (BOOK_ID, PUB_ID, BOOK_FORMAT, PUBLISHED_YEAR, NUMBER_PAGE, BOOK_WEIGHT) values ('BK00012', 'PB05', N'Bìa Mềm', 2019, 247, 250)
INSERT into WRITTEN_BY (BOOK_ID, AUTHOR_ID) values ('BK00012', 'AU16')
INSERT into WRITTEN_BY (BOOK_ID, AUTHOR_ID) values ('BK00012', 'AU17')
INSERT into BOOK_IMAGES (BOOK_ID, IMAGE_ID, BOOK_PATH, BOOK_FILENAME) values ('BK00012', 2, 'https://res.cloudinary.com/dsbuw9oyz/image/upload/v1690970158/hachiko/product/BK00012-2.png', 'hachiko/product/BK00012-2.png')
INSERT into BOOK_IMAGES (BOOK_ID, IMAGE_ID, BOOK_PATH, BOOK_FILENAME) values ('BK00012', 3, 'https://res.cloudinary.com/dsbuw9oyz/image/upload/v1690970158/hachiko/product/BK00012-3.png', 'hachiko/product/BK00012-3.png')

INSERT into BOOK (BOOK_ID, CATE_ID, BOOK_NAME, BOOK_PRICE, BOOK_PATH, BOOK_FILENAME, AVG_RATING, COUNT_RATING, STOCK, DISCOUNTED_NUMBER, BOOK_DISCOUNTED_PRICE, SOFT_DELETE) values ('BK00013', 'CA07', N'Giải Mã Từ Điển Cảm Xúc', 116000, 'https://res.cloudinary.com/dsbuw9oyz/image/upload/v1690968058/hachiko/product/BK00013-1.jpg', 'hachiko/product/BK00013-1.jpg', 0, 0, 50, 59, 47560, 0)
INSERT into BOOK_DETAIL (BOOK_ID, PUB_ID, BOOK_FORMAT, PUBLISHED_YEAR, NUMBER_PAGE, BOOK_WEIGHT) values ('BK00013', 'PB06', N'Bìa Mềm', 2021, 208, 250)
INSERT into WRITTEN_BY (BOOK_ID, AUTHOR_ID) values ('BK00013', 'AU18')
INSERT into BOOK_IMAGES (BOOK_ID, IMAGE_ID, BOOK_PATH, BOOK_FILENAME) values ('BK00013', 2, 'https://res.cloudinary.com/dsbuw9oyz/image/upload/v1690970158/hachiko/product/BK00013-2.png', 'hachiko/product/BK00013-2.png')
INSERT into BOOK_IMAGES (BOOK_ID, IMAGE_ID, BOOK_PATH, BOOK_FILENAME) values ('BK00013', 3, 'https://res.cloudinary.com/dsbuw9oyz/image/upload/v1690970158/hachiko/product/BK00013-3.png', 'hachiko/product/BK00013-3.png')

INSERT into BOOK (BOOK_ID, CATE_ID, BOOK_NAME, BOOK_PRICE, BOOK_PATH, BOOK_FILENAME, AVG_RATING, COUNT_RATING, STOCK, DISCOUNTED_NUMBER, BOOK_DISCOUNTED_PRICE, SOFT_DELETE) values ('BK00014', 'CA07', N'Tâm Lý Học Nói Gì Về Ăn Kiêng?', 84000, 'https://res.cloudinary.com/dsbuw9oyz/image/upload/v1690968058/hachiko/product/BK00014-1.jpg', 'hachiko/product/BK00014-1.jpg', 0, 0, 50, 47, 44520, 0)
INSERT into BOOK_DETAIL (BOOK_ID, PUB_ID, BOOK_FORMAT, PUBLISHED_YEAR, NUMBER_PAGE, BOOK_WEIGHT) values ('BK00014', 'PB07', N'Bìa Mềm', 2022, 184, 250)
INSERT into WRITTEN_BY (BOOK_ID, AUTHOR_ID) values ('BK00014', 'AU19')
INSERT into BOOK_IMAGES (BOOK_ID, IMAGE_ID, BOOK_PATH, BOOK_FILENAME) values ('BK00014', 2, 'https://res.cloudinary.com/dsbuw9oyz/image/upload/v1690970158/hachiko/product/BK00014-2.png', 'hachiko/product/BK00014-2.png')

INSERT into BOOK (BOOK_ID, CATE_ID, BOOK_NAME, BOOK_PRICE, BOOK_PATH, BOOK_FILENAME, AVG_RATING, COUNT_RATING, STOCK, DISCOUNTED_NUMBER, BOOK_DISCOUNTED_PRICE, SOFT_DELETE) values ('BK00015', 'CA07', N'Trầm Cảm Ẩn', 110000, 'https://res.cloudinary.com/dsbuw9oyz/image/upload/v1690968058/hachiko/product/BK00015-1.jpg', 'hachiko/product/BK00015-1.jpg', 0, 0, 50, 40, 66000, 0)
INSERT into BOOK_DETAIL (BOOK_ID, PUB_ID, BOOK_FORMAT, PUBLISHED_YEAR, NUMBER_PAGE, BOOK_WEIGHT) values ('BK00015', 'PB06', N'Bìa Mềm', 2022, 232, 450)
INSERT into WRITTEN_BY (BOOK_ID, AUTHOR_ID) values ('BK00015', 'AU20')
INSERT into BOOK_IMAGES (BOOK_ID, IMAGE_ID, BOOK_PATH, BOOK_FILENAME) values ('BK00015', 2, 'https://res.cloudinary.com/dsbuw9oyz/image/upload/v1690970158/hachiko/product/BK00015-2.png', 'hachiko/product/BK00015-2.png')

INSERT into BOOK (BOOK_ID, CATE_ID, BOOK_NAME, BOOK_PRICE, BOOK_PATH, BOOK_FILENAME, AVG_RATING, COUNT_RATING, STOCK, DISCOUNTED_NUMBER, BOOK_DISCOUNTED_PRICE, SOFT_DELETE) values ('BK00016', 'CA09', N'Biết Tuốt Về Đồ Ăn - Trứng', 45000, 'https://res.cloudinary.com/dsbuw9oyz/image/upload/v1690968058/hachiko/product/BK00016-1.jpg', 'hachiko/product/BK00016-1.jpg', 0, 0, 50, 15, 38250, 0)
INSERT into BOOK_DETAIL (BOOK_ID, PUB_ID, BOOK_FORMAT, PUBLISHED_YEAR, NUMBER_PAGE, BOOK_WEIGHT) values ('BK00016', 'PB08', N'Bìa Mềm', 2018, 35, 80)
INSERT into WRITTEN_BY (BOOK_ID, AUTHOR_ID) values ('BK00016', 'AU21')
INSERT into WRITTEN_BY (BOOK_ID, AUTHOR_ID) values ('BK00016', 'AU22')
INSERT into BOOK_IMAGES (BOOK_ID, IMAGE_ID, BOOK_PATH, BOOK_FILENAME) values ('BK00016', 2, 'https://res.cloudinary.com/dsbuw9oyz/image/upload/v1690970158/hachiko/product/BK00016-2.png', 'hachiko/product/BK00016-2.png')
INSERT into BOOK_IMAGES (BOOK_ID, IMAGE_ID, BOOK_PATH, BOOK_FILENAME) values ('BK00016', 3, 'https://res.cloudinary.com/dsbuw9oyz/image/upload/v1690970158/hachiko/product/BK00016-3.png', 'hachiko/product/BK00016-3.png')

INSERT into BOOK (BOOK_ID, CATE_ID, BOOK_NAME, BOOK_PRICE, BOOK_PATH, BOOK_FILENAME, AVG_RATING, COUNT_RATING, STOCK, DISCOUNTED_NUMBER, BOOK_DISCOUNTED_PRICE, SOFT_DELETE) values ('BK00017', 'CA09', N'Bé Làm Điều Tốt', 69000, 'https://res.cloudinary.com/dsbuw9oyz/image/upload/v1690968058/hachiko/product/BK00017-1.jpg', 'hachiko/product/BK00017-1.jpg', 0, 0, 50, 15, 58650, 0)
INSERT into BOOK_DETAIL (BOOK_ID, PUB_ID, BOOK_FORMAT, PUBLISHED_YEAR, NUMBER_PAGE, BOOK_WEIGHT) values ('BK00017', 'PB06', N'Bìa Cứng', 2021, 12, 123)
INSERT into WRITTEN_BY (BOOK_ID, AUTHOR_ID) values ('BK00017', 'AU23')
INSERT into WRITTEN_BY (BOOK_ID, AUTHOR_ID) values ('BK00017', 'AU24')
INSERT into WRITTEN_BY (BOOK_ID, AUTHOR_ID) values ('BK00017', 'AU25')
INSERT into BOOK_IMAGES (BOOK_ID, IMAGE_ID, BOOK_PATH, BOOK_FILENAME) values ('BK00017', 2, 'https://res.cloudinary.com/dsbuw9oyz/image/upload/v1690970158/hachiko/product/BK00017-2.png', 'hachiko/product/BK00017-2.png')
INSERT into BOOK_IMAGES (BOOK_ID, IMAGE_ID, BOOK_PATH, BOOK_FILENAME) values ('BK00017', 3, 'https://res.cloudinary.com/dsbuw9oyz/image/upload/v1690970158/hachiko/product/BK00017-3.png', 'hachiko/product/BK00017-3.png')

INSERT into BOOK (BOOK_ID, CATE_ID, BOOK_NAME, BOOK_PRICE, BOOK_PATH, BOOK_FILENAME, AVG_RATING, COUNT_RATING, STOCK, DISCOUNTED_NUMBER, BOOK_DISCOUNTED_PRICE, SOFT_DELETE) values ('BK00018', 'CA09', N'Mẹ Hỏi Con Đáp - Cuộc Sống Quanh Bé', 65000, 'https://res.cloudinary.com/dsbuw9oyz/image/upload/v1690968058/hachiko/product/BK00018-1.jpg', 'hachiko/product/BK00018-1.jpg', 0, 0, 50, 40, 39000, 0)
INSERT into BOOK_DETAIL (BOOK_ID, PUB_ID, BOOK_FORMAT, PUBLISHED_YEAR, NUMBER_PAGE, BOOK_WEIGHT) values ('BK00018', 'PB09', N'Bìa Mềm', 2023, 66, 137)
INSERT into WRITTEN_BY (BOOK_ID, AUTHOR_ID) values ('BK00018', 'AU26')
INSERT into BOOK_IMAGES (BOOK_ID, IMAGE_ID, BOOK_PATH, BOOK_FILENAME) values ('BK00018', 2, 'https://res.cloudinary.com/dsbuw9oyz/image/upload/v1690970158/hachiko/product/BK00018-2.png', 'hachiko/product/BK00018-2.png')
INSERT into BOOK_IMAGES (BOOK_ID, IMAGE_ID, BOOK_PATH, BOOK_FILENAME) values ('BK00018', 3, 'https://res.cloudinary.com/dsbuw9oyz/image/upload/v1690970158/hachiko/product/BK00018-3.png', 'hachiko/product/BK00018-3.png')

INSERT into BOOK (BOOK_ID, CATE_ID, BOOK_NAME, BOOK_PRICE, BOOK_PATH, BOOK_FILENAME, AVG_RATING, COUNT_RATING, STOCK, DISCOUNTED_NUMBER, BOOK_DISCOUNTED_PRICE, SOFT_DELETE) values ('BK00019', 'CA10', N'100 Bí Ẩn Đáng Kinh Ngạc Về Khoa Học', 100000, 'https://res.cloudinary.com/dsbuw9oyz/image/upload/v1690968058/hachiko/product/BK00019-1.jpg', 'hachiko/product/BK00019-1.jpg', 0, 0, 50, 25, 75000, 0)
INSERT into BOOK_DETAIL (BOOK_ID, PUB_ID, BOOK_FORMAT, PUBLISHED_YEAR, NUMBER_PAGE, BOOK_WEIGHT) values ('BK00019', 'PB07', N'Bìa Mềm', 2018, 127, 190)
INSERT into WRITTEN_BY (BOOK_ID, AUTHOR_ID) values ('BK00019', 'AU27')
INSERT into WRITTEN_BY (BOOK_ID, AUTHOR_ID) values ('BK00019', 'AU28')
INSERT into WRITTEN_BY (BOOK_ID, AUTHOR_ID) values ('BK00019', 'AU29')
INSERT into WRITTEN_BY (BOOK_ID, AUTHOR_ID) values ('BK00019', 'AU30')
INSERT into BOOK_IMAGES (BOOK_ID, IMAGE_ID, BOOK_PATH, BOOK_FILENAME) values ('BK00019', 2, 'https://res.cloudinary.com/dsbuw9oyz/image/upload/v1690970158/hachiko/product/BK00019-2.png', 'hachiko/product/BK00019-2.png')
INSERT into BOOK_IMAGES (BOOK_ID, IMAGE_ID, BOOK_PATH, BOOK_FILENAME) values ('BK00019', 3, 'https://res.cloudinary.com/dsbuw9oyz/image/upload/v1690970158/hachiko/product/BK00019-3.png', 'hachiko/product/BK00019-3.png')

INSERT into BOOK (BOOK_ID, CATE_ID, BOOK_NAME, BOOK_PRICE, BOOK_PATH, BOOK_FILENAME, AVG_RATING, COUNT_RATING, STOCK, DISCOUNTED_NUMBER, BOOK_DISCOUNTED_PRICE, SOFT_DELETE) values ('BK00020', 'CA10', N'100 Kỹ Năng Sinh Tồn', 99000, 'https://res.cloudinary.com/dsbuw9oyz/image/upload/v1690968058/hachiko/product/BK00020-1.jpg', 'hachiko/product/BK00020-1.jpg', 0, 0, 50, 25, 74250, 0)
INSERT into BOOK_DETAIL (BOOK_ID, PUB_ID, BOOK_FORMAT, PUBLISHED_YEAR, NUMBER_PAGE, BOOK_WEIGHT) values ('BK00020', 'PB06', N'Bìa Mềm', 2020, 272, 300)
INSERT into WRITTEN_BY (BOOK_ID, AUTHOR_ID) values ('BK00020', 'AU31')
INSERT into BOOK_IMAGES (BOOK_ID, IMAGE_ID, BOOK_PATH, BOOK_FILENAME) values ('BK00020', 2, 'https://res.cloudinary.com/dsbuw9oyz/image/upload/v1690970158/hachiko/product/BK00020-2.png', 'hachiko/product/BK00020-2.png')
INSERT into BOOK_IMAGES (BOOK_ID, IMAGE_ID, BOOK_PATH, BOOK_FILENAME) values ('BK00020', 3, 'https://res.cloudinary.com/dsbuw9oyz/image/upload/v1690970158/hachiko/product/BK00020-3.png', 'hachiko/product/BK00020-3.png')

INSERT into BOOK (BOOK_ID, CATE_ID, BOOK_NAME, BOOK_PRICE, BOOK_PATH, BOOK_FILENAME, AVG_RATING, COUNT_RATING, STOCK, DISCOUNTED_NUMBER, BOOK_DISCOUNTED_PRICE, SOFT_DELETE) values ('BK00021', 'CA10', N'Tìm Hiểu Về: Vũ Trụ', 105000, 'https://res.cloudinary.com/dsbuw9oyz/image/upload/v1690968058/hachiko/product/BK00021-1.jpg', 'hachiko/product/BK00021-1.jpg', 0, 0, 50, 15, 89250, 0)
INSERT into BOOK_DETAIL (BOOK_ID, PUB_ID, BOOK_FORMAT, PUBLISHED_YEAR, NUMBER_PAGE, BOOK_WEIGHT) values ('BK00021', 'PB05', N'Bìa Cứng', 2018, 31, 100)
INSERT into WRITTEN_BY (BOOK_ID, AUTHOR_ID) values ('BK00021', 'AU32')
INSERT into BOOK_IMAGES (BOOK_ID, IMAGE_ID, BOOK_PATH, BOOK_FILENAME) values ('BK00021', 2, 'https://res.cloudinary.com/dsbuw9oyz/image/upload/v1690970158/hachiko/product/BK00021-2.png', 'hachiko/product/BK00021-2.png')
INSERT into BOOK_IMAGES (BOOK_ID, IMAGE_ID, BOOK_PATH, BOOK_FILENAME) values ('BK00021', 3, 'https://res.cloudinary.com/dsbuw9oyz/image/upload/v1690970158/hachiko/product/BK00021-3.png', 'hachiko/product/BK00021-3.png')

INSERT into BOOK (BOOK_ID, CATE_ID, BOOK_NAME, BOOK_PRICE, BOOK_PATH, BOOK_FILENAME, AVG_RATING, COUNT_RATING, STOCK, DISCOUNTED_NUMBER, BOOK_DISCOUNTED_PRICE, SOFT_DELETE) values ('BK00022', 'CA11', N'Có Một Truyện Cổ Mới - Cóc Kiện Trời', 69000, 'https://res.cloudinary.com/dsbuw9oyz/image/upload/v1690968058/hachiko/product/BK00022-1.jpg', 'hachiko/product/BK00022-1.jpg', 0, 0, 50, 35, 44850, 0)
INSERT into BOOK_DETAIL (BOOK_ID, PUB_ID, BOOK_FORMAT, PUBLISHED_YEAR, NUMBER_PAGE, BOOK_WEIGHT) values ('BK00022', 'PB08', N'Bìa Mềm', 2022, 44, 100)
INSERT into WRITTEN_BY (BOOK_ID, AUTHOR_ID) values ('BK00022', 'AU33')
INSERT into WRITTEN_BY (BOOK_ID, AUTHOR_ID) values ('BK00022', 'AU34')
INSERT into BOOK_IMAGES (BOOK_ID, IMAGE_ID, BOOK_PATH, BOOK_FILENAME) values ('BK00022', 2, 'https://res.cloudinary.com/dsbuw9oyz/image/upload/v1690970158/hachiko/product/BK00022-2.png', 'hachiko/product/BK00022-2.png')
INSERT into BOOK_IMAGES (BOOK_ID, IMAGE_ID, BOOK_PATH, BOOK_FILENAME) values ('BK00022', 3, 'https://res.cloudinary.com/dsbuw9oyz/image/upload/v1690970158/hachiko/product/BK00022-3.png', 'hachiko/product/BK00022-3.png')

INSERT into BOOK (BOOK_ID, CATE_ID, BOOK_NAME, BOOK_PRICE, BOOK_PATH, BOOK_FILENAME, AVG_RATING, COUNT_RATING, STOCK, DISCOUNTED_NUMBER, BOOK_DISCOUNTED_PRICE, SOFT_DELETE) values ('BK00023', 'CA11', N'Đôi Giày Sân Khấu', 145000, 'https://res.cloudinary.com/dsbuw9oyz/image/upload/v1690968058/hachiko/product/BK00023-1.jpg', 'hachiko/product/BK00023-1.jpg', 0, 0, 50, 55, 65250, 0)
INSERT into BOOK_DETAIL (BOOK_ID, PUB_ID, BOOK_FORMAT, PUBLISHED_YEAR, NUMBER_PAGE, BOOK_WEIGHT) values ('BK00023', 'PB10', N'Bìa Mềm', 2021, 427, 460)
INSERT into WRITTEN_BY (BOOK_ID, AUTHOR_ID) values ('BK00023', 'AU35')
INSERT into BOOK_IMAGES (BOOK_ID, IMAGE_ID, BOOK_PATH, BOOK_FILENAME) values ('BK00023', 2, 'https://res.cloudinary.com/dsbuw9oyz/image/upload/v1690970158/hachiko/product/BK00023-2.png', 'hachiko/product/BK00023-2.png')
INSERT into BOOK_IMAGES (BOOK_ID, IMAGE_ID, BOOK_PATH, BOOK_FILENAME) values ('BK00023', 3, 'https://res.cloudinary.com/dsbuw9oyz/image/upload/v1690970158/hachiko/product/BK00023-3.png', 'hachiko/product/BK00023-3.png')

INSERT into BOOK (BOOK_ID, CATE_ID, BOOK_NAME, BOOK_PRICE, BOOK_PATH, BOOK_FILENAME, AVG_RATING, COUNT_RATING, STOCK, DISCOUNTED_NUMBER, BOOK_DISCOUNTED_PRICE, SOFT_DELETE) values ('BK00024', 'CA11', N'Ehon - Ăn Cơm Nào!', 108000, 'https://res.cloudinary.com/dsbuw9oyz/image/upload/v1690968058/hachiko/product/BK00024-1.jpg', 'hachiko/product/BK00024-1.jpg', 0, 0, 50, 30, 75600, 0)
INSERT into BOOK_DETAIL (BOOK_ID, PUB_ID, BOOK_FORMAT, PUBLISHED_YEAR, NUMBER_PAGE, BOOK_WEIGHT) values ('BK00024', 'PB07', N'Bìa Mềm', 2022, NULL, 55)
INSERT into WRITTEN_BY (BOOK_ID, AUTHOR_ID) values ('BK00024', 'AU36')
INSERT into WRITTEN_BY (BOOK_ID, AUTHOR_ID) values ('BK00024', 'AU37')
INSERT into BOOK_IMAGES (BOOK_ID, IMAGE_ID, BOOK_PATH, BOOK_FILENAME) values ('BK00024', 2, 'https://res.cloudinary.com/dsbuw9oyz/image/upload/v1690970158/hachiko/product/BK00024-2.png', 'hachiko/product/BK00024-2.png')
INSERT into BOOK_IMAGES (BOOK_ID, IMAGE_ID, BOOK_PATH, BOOK_FILENAME) values ('BK00024', 3, 'https://res.cloudinary.com/dsbuw9oyz/image/upload/v1690970158/hachiko/product/BK00024-3.png', 'hachiko/product/BK00024-3.png')

INSERT into BOOK (BOOK_ID, CATE_ID, BOOK_NAME, BOOK_PRICE, BOOK_PATH, BOOK_FILENAME, AVG_RATING, COUNT_RATING, STOCK, DISCOUNTED_NUMBER, BOOK_DISCOUNTED_PRICE, SOFT_DELETE) values ('BK00025', 'CA13', N'Cho Tới Khi Em Yêu Anh Thêm Lần Nữa', 129000, 'https://res.cloudinary.com/dsbuw9oyz/image/upload/v1690968058/hachiko/product/BK00025-1.jpg', 'hachiko/product/BK00025-1.jpg', 0, 0, 50, 15, 109650, 0)
INSERT into BOOK_DETAIL (BOOK_ID, PUB_ID, BOOK_FORMAT, PUBLISHED_YEAR, NUMBER_PAGE, BOOK_WEIGHT) values ('BK00025', 'PB02', N'Bìa Mềm', 2022, 360, 400)
INSERT into WRITTEN_BY (BOOK_ID, AUTHOR_ID) values ('BK00025', 'AU38')
INSERT into BOOK_IMAGES (BOOK_ID, IMAGE_ID, BOOK_PATH, BOOK_FILENAME) values ('BK00025', 2, 'https://res.cloudinary.com/dsbuw9oyz/image/upload/v1690970158/hachiko/product/BK00025-2.png', 'hachiko/product/BK00025-2.png')
INSERT into BOOK_IMAGES (BOOK_ID, IMAGE_ID, BOOK_PATH, BOOK_FILENAME) values ('BK00025', 3, 'https://res.cloudinary.com/dsbuw9oyz/image/upload/v1690970158/hachiko/product/BK00025-3.png', 'hachiko/product/BK00025-3.png')

INSERT into BOOK (BOOK_ID, CATE_ID, BOOK_NAME, BOOK_PRICE, BOOK_PATH, BOOK_FILENAME, AVG_RATING, COUNT_RATING, STOCK, DISCOUNTED_NUMBER, BOOK_DISCOUNTED_PRICE, SOFT_DELETE) values ('BK00026', 'CA13', N'Ký Sinh Trùng Biết Yêu', 120000, 'https://res.cloudinary.com/dsbuw9oyz/image/upload/v1690968058/hachiko/product/BK00026-1.jpg', 'hachiko/product/BK00026-1.jpg', 0, 0, 50, 15, 102000, 0)
INSERT into BOOK_DETAIL (BOOK_ID, PUB_ID, BOOK_FORMAT, PUBLISHED_YEAR, NUMBER_PAGE, BOOK_WEIGHT) values ('BK00026', 'PB04', N'Bìa Mềm', 2023, 317, 280)
INSERT into WRITTEN_BY (BOOK_ID, AUTHOR_ID) values ('BK00026', 'AU39')
INSERT into WRITTEN_BY (BOOK_ID, AUTHOR_ID) values ('BK00026', 'AU40')
INSERT into BOOK_IMAGES (BOOK_ID, IMAGE_ID, BOOK_PATH, BOOK_FILENAME) values ('BK00026', 2, 'https://res.cloudinary.com/dsbuw9oyz/image/upload/v1690970158/hachiko/product/BK00026-2.png', 'hachiko/product/BK00026-2.png')
INSERT into BOOK_IMAGES (BOOK_ID, IMAGE_ID, BOOK_PATH, BOOK_FILENAME) values ('BK00026', 3, 'https://res.cloudinary.com/dsbuw9oyz/image/upload/v1690970158/hachiko/product/BK00026-3.png', 'hachiko/product/BK00026-3.png')

INSERT into BOOK (BOOK_ID, CATE_ID, BOOK_NAME, BOOK_PRICE, BOOK_PATH, BOOK_FILENAME, AVG_RATING, COUNT_RATING, STOCK, DISCOUNTED_NUMBER, BOOK_DISCOUNTED_PRICE, SOFT_DELETE) values ('BK00027', 'CA13', N'Mình Sẽ Tìm Cậu Vào Đêm Trăng Rằm', 109000, 'https://res.cloudinary.com/dsbuw9oyz/image/upload/v1690968058/hachiko/product/BK00027-1.jpg', 'hachiko/product/BK00027-1.jpg', 0, 0, 50, 20, 87200, 0)
INSERT into BOOK_DETAIL (BOOK_ID, PUB_ID, BOOK_FORMAT, PUBLISHED_YEAR, NUMBER_PAGE, BOOK_WEIGHT) values ('BK00027', 'PB07', N'Bìa Mềm', 2023, 248, 300)
INSERT into WRITTEN_BY (BOOK_ID, AUTHOR_ID) values ('BK00027', 'AU41')
INSERT into BOOK_IMAGES (BOOK_ID, IMAGE_ID, BOOK_PATH, BOOK_FILENAME) values ('BK00027', 2, 'https://res.cloudinary.com/dsbuw9oyz/image/upload/v1690970158/hachiko/product/BK00027-2.png', 'hachiko/product/BK00027-2.png')
INSERT into BOOK_IMAGES (BOOK_ID, IMAGE_ID, BOOK_PATH, BOOK_FILENAME) values ('BK00027', 3, 'https://res.cloudinary.com/dsbuw9oyz/image/upload/v1690970158/hachiko/product/BK00027-3.png', 'hachiko/product/BK00027-3.png')

INSERT into BOOK (BOOK_ID, CATE_ID, BOOK_NAME, BOOK_PRICE, BOOK_PATH, BOOK_FILENAME, AVG_RATING, COUNT_RATING, STOCK, DISCOUNTED_NUMBER, BOOK_DISCOUNTED_PRICE, SOFT_DELETE) values ('BK00028', 'CA14', N'Cây Cam Ngọt Của Tôi', 108000, 'https://res.cloudinary.com/dsbuw9oyz/image/upload/v1690968058/hachiko/product/BK00028-1.jpg', 'hachiko/product/BK00028-1.jpg', 0, 0, 50, 30, 75600, 0)
INSERT into BOOK_DETAIL (BOOK_ID, PUB_ID, BOOK_FORMAT, PUBLISHED_YEAR, NUMBER_PAGE, BOOK_WEIGHT) values ('BK00028', 'PB11', N'Bìa Mềm', 2020, 244, 280)
INSERT into WRITTEN_BY (BOOK_ID, AUTHOR_ID) values ('BK00028', 'AU42')
INSERT into BOOK_IMAGES (BOOK_ID, IMAGE_ID, BOOK_PATH, BOOK_FILENAME) values ('BK00028', 2, 'https://res.cloudinary.com/dsbuw9oyz/image/upload/v1690970158/hachiko/product/BK00028-2.png', 'hachiko/product/BK00028-2.png')
INSERT into BOOK_IMAGES (BOOK_ID, IMAGE_ID, BOOK_PATH, BOOK_FILENAME) values ('BK00028', 3, 'https://res.cloudinary.com/dsbuw9oyz/image/upload/v1690970158/hachiko/product/BK00028-3.png', 'hachiko/product/BK00028-3.png')

INSERT into BOOK (BOOK_ID, CATE_ID, BOOK_NAME, BOOK_PRICE, BOOK_PATH, BOOK_FILENAME, AVG_RATING, COUNT_RATING, STOCK, DISCOUNTED_NUMBER, BOOK_DISCOUNTED_PRICE, SOFT_DELETE) values ('BK00029', 'CA14', N'Nhà Giả Kim (Tái Bản 2020)', 79000, 'https://res.cloudinary.com/dsbuw9oyz/image/upload/v1690968058/hachiko/product/BK00029-1.jpg', 'hachiko/product/BK00029-1.jpg', 0, 0, 50, 20, 63200, 0)
INSERT into BOOK_DETAIL (BOOK_ID, PUB_ID, BOOK_FORMAT, PUBLISHED_YEAR, NUMBER_PAGE, BOOK_WEIGHT) values ('BK00029', 'PB11', N'Bìa Mềm', 2020, 227, 220)
INSERT into WRITTEN_BY (BOOK_ID, AUTHOR_ID) values ('BK00029', 'AU43')
INSERT into BOOK_IMAGES (BOOK_ID, IMAGE_ID, BOOK_PATH, BOOK_FILENAME) values ('BK00029', 2, 'https://res.cloudinary.com/dsbuw9oyz/image/upload/v1690970158/hachiko/product/BK00029-2.png', 'hachiko/product/BK00029-2.png')
INSERT into BOOK_IMAGES (BOOK_ID, IMAGE_ID, BOOK_PATH, BOOK_FILENAME) values ('BK00029', 3, 'https://res.cloudinary.com/dsbuw9oyz/image/upload/v1690970158/hachiko/product/BK00029-3.png', 'hachiko/product/BK00029-3.png')

INSERT into BOOK (BOOK_ID, CATE_ID, BOOK_NAME, BOOK_PRICE, BOOK_PATH, BOOK_FILENAME, AVG_RATING, COUNT_RATING, STOCK, DISCOUNTED_NUMBER, BOOK_DISCOUNTED_PRICE, SOFT_DELETE) values ('BK00030', 'CA14', N'Cửa Hàng Tiện Lợi Bất Tiện', 139000, 'https://res.cloudinary.com/dsbuw9oyz/image/upload/v1690968058/hachiko/product/BK00030-1.jpg', 'hachiko/product/BK00030-1.jpg', 0, 0, 50, 15, 118150, 0)
INSERT into BOOK_DETAIL (BOOK_ID, PUB_ID, BOOK_FORMAT, PUBLISHED_YEAR, NUMBER_PAGE, BOOK_WEIGHT) values ('BK00030', 'PB02', N'Bìa Mềm', 2022, 300, 350)
INSERT into WRITTEN_BY (BOOK_ID, AUTHOR_ID) values ('BK00030', 'AU46')
INSERT into BOOK_IMAGES (BOOK_ID, IMAGE_ID, BOOK_PATH, BOOK_FILENAME) values ('BK00030', 2, 'https://res.cloudinary.com/dsbuw9oyz/image/upload/v1690970158/hachiko/product/BK00030-2.png', 'hachiko/product/BK00030-2.png')
INSERT into BOOK_IMAGES (BOOK_ID, IMAGE_ID, BOOK_PATH, BOOK_FILENAME) values ('BK00030', 3, 'https://res.cloudinary.com/dsbuw9oyz/image/upload/v1690970158/hachiko/product/BK00030-3.png', 'hachiko/product/BK00030-3.png')

INSERT into BOOK (BOOK_ID, CATE_ID, BOOK_NAME, BOOK_PRICE, BOOK_PATH, BOOK_FILENAME, AVG_RATING, COUNT_RATING, STOCK, DISCOUNTED_NUMBER, BOOK_DISCOUNTED_PRICE, SOFT_DELETE) values ('BK00031', 'CA15', N'Đám Trẻ Ở Đại Dương Đen', 99000, 'https://res.cloudinary.com/dsbuw9oyz/image/upload/v1690968058/hachiko/product/BK00031-1.jpg', 'hachiko/product/BK00031-1.jpg', 0, 0, 50, 30, 69300, 0)
INSERT into BOOK_DETAIL (BOOK_ID, PUB_ID, BOOK_FORMAT, PUBLISHED_YEAR, NUMBER_PAGE, BOOK_WEIGHT) values ('BK00031', 'PB07', N'Bìa Mềm', 2023, 280, 300)
INSERT into WRITTEN_BY (BOOK_ID, AUTHOR_ID) values ('BK00031', 'AU47')
INSERT into BOOK_IMAGES (BOOK_ID, IMAGE_ID, BOOK_PATH, BOOK_FILENAME) values ('BK00031', 2, 'https://res.cloudinary.com/dsbuw9oyz/image/upload/v1690970158/hachiko/product/BK00031-2.png', 'hachiko/product/BK00031-2.png')
INSERT into BOOK_IMAGES (BOOK_ID, IMAGE_ID, BOOK_PATH, BOOK_FILENAME) values ('BK00031', 3, 'https://res.cloudinary.com/dsbuw9oyz/image/upload/v1690970158/hachiko/product/BK00031-3.png', 'hachiko/product/BK00031-3.png')

INSERT into BOOK (BOOK_ID, CATE_ID, BOOK_NAME, BOOK_PRICE, BOOK_PATH, BOOK_FILENAME, AVG_RATING, COUNT_RATING, STOCK, DISCOUNTED_NUMBER, BOOK_DISCOUNTED_PRICE, SOFT_DELETE) values ('BK00032', 'CA15', N'Gấu Trúc Lớn Và Rồng Tí Hon', 108000, 'https://res.cloudinary.com/dsbuw9oyz/image/upload/v1690968058/hachiko/product/BK00032-1.jpg', 'hachiko/product/BK00032-1.jpg', 0, 0, 50, 10, 97200, 0)
INSERT into BOOK_DETAIL (BOOK_ID, PUB_ID, BOOK_FORMAT, PUBLISHED_YEAR, NUMBER_PAGE, BOOK_WEIGHT) values ('BK00032', 'PB06', N'Bìa Mềm', 2023, 160, 180)
INSERT into WRITTEN_BY (BOOK_ID, AUTHOR_ID) values ('BK00032', 'AU44')
INSERT into BOOK_IMAGES (BOOK_ID, IMAGE_ID, BOOK_PATH, BOOK_FILENAME) values ('BK00032', 2, 'https://res.cloudinary.com/dsbuw9oyz/image/upload/v1690970158/hachiko/product/BK00032-2.png', 'hachiko/product/BK00032-2.png')
INSERT into BOOK_IMAGES (BOOK_ID, IMAGE_ID, BOOK_PATH, BOOK_FILENAME) values ('BK00032', 3, 'https://res.cloudinary.com/dsbuw9oyz/image/upload/v1690970158/hachiko/product/BK00032-3.png', 'hachiko/product/BK00032-3.png')

INSERT into BOOK (BOOK_ID, CATE_ID, BOOK_NAME, BOOK_PRICE, BOOK_PATH, BOOK_FILENAME, AVG_RATING, COUNT_RATING, STOCK, DISCOUNTED_NUMBER, BOOK_DISCOUNTED_PRICE, SOFT_DELETE) values ('BK00033', 'CA15', N'Mẹ Làm Gì Có Ước Mơ', 89000, 'https://res.cloudinary.com/dsbuw9oyz/image/upload/v1690968058/hachiko/product/BK00033-1.jpg', 'hachiko/product/BK00033-1.jpg', 0, 0, 50, 15, 75650, 0)
INSERT into BOOK_DETAIL (BOOK_ID, PUB_ID, BOOK_FORMAT, PUBLISHED_YEAR, NUMBER_PAGE, BOOK_WEIGHT) values ('BK00033', 'PB10', N'Bìa Mềm', 2023, 208, 190)
INSERT into WRITTEN_BY (BOOK_ID, AUTHOR_ID) values ('BK00033', 'AU45')
INSERT into BOOK_IMAGES (BOOK_ID, IMAGE_ID, BOOK_PATH, BOOK_FILENAME) values ('BK00033', 2, 'https://res.cloudinary.com/dsbuw9oyz/image/upload/v1690970158/hachiko/product/BK00033-2.png', 'hachiko/product/BK00033-2.png')
INSERT into BOOK_IMAGES (BOOK_ID, IMAGE_ID, BOOK_PATH, BOOK_FILENAME) values ('BK00033', 3, 'https://res.cloudinary.com/dsbuw9oyz/image/upload/v1690970158/hachiko/product/BK00033-3.png', 'hachiko/product/BK00033-3.png')

